Organization Name,Organization Type,Building ,Address,City,State,Zip Code,Phone Number,Contact,Monday Opening Time,Monday Closing Time,Tuesday  Opening Time,Tuesday Closing Time,Wednesday Opening Time,Wednesday Closing Time,Thursday Opening Time,Thursday Closing Time ,Friday Opening Time,Friday Closing Time,Saturday Opening Time,Saturday Closing Time,Sunday Opening Time,Sunday Closing Time ,Information and Referral,Counseling ,Case Management,Life Management Skills,Homeless Services ,Senior Nutirition ,Burial Services,Planning,Coordination and Social Data Analysis,Meal Delivery to Home Bound Residents,Nutrition Education ,Lunch/Dinner Provided Monday through Friday,Senior Adult Meals,"Social Activities:Fun, Fitness, Fellowship",Notes,Mapped Location,coords
Metro Social Services,Congregated Meals Site,Old Hickory Towers,930 Industrial Blouvard,Old Hickory,Tennessee,37138,615-601-7691,Site Coordinator,1899-12-31T09:00:00.000,1899-12-31T13:30:00.000,1899-12-31T09:00:00.000,1899-12-31T13:30:00.000,1899-12-31T09:00:00.000,1899-12-31T13:30:00.000,1899-12-31T09:00:00.000,1899-12-31T13:30:00.000,1899-12-31T09:00:00.000,1899-12-31T13:30:00.000,Closed,Closed,Closed,Closed,No,No,No,No,No,No,No,No,No,No,Yes,No,Yes,Yes,,"930 Industrial
Blouvard Old Hickory, TN 37138
(36.264344992, -86.658196015)","(36.264344992, -86.658196015)"
Metro Social Services,Congregated Meals Site,Hickory Hollow Towers,100 Curtis Hollow Road,Antioch,Tennessee,37013,615-601-7674,Site Coordinator,1899-12-31T09:00:00.000,1899-12-31T13:30:00.000,1899-12-31T09:00:00.000,1899-12-31T13:30:00.000,1899-12-31T09:00:00.000,1899-12-31T13:30:00.000,1899-12-31T09:00:00.000,1899-12-31T13:30:00.000,1899-12-31T09:00:00.000,1899-12-31T13:30:00.000,Closed,Closed,Closed,Closed,No,No,No,No,No,No,No,No,No,No,Yes,No,Yes,Yes,,"100 Curtis Hollow Road
Antioch, TN 37013
(36.051782, -86.65031)","(36.051782, -86.65031)"
Metro Social Services,Congregated Meals Site,Chippington Towers 2,1310 Coreland Drive,Madison,Tennessee,37115,615-601-7749,Site Coordinator,1899-12-31T09:00:00.000,1899-12-31T13:30:00.000,1899-12-31T09:00:00.000,1899-12-31T13:30:00.000,1899-12-31T09:00:00.000,1899-12-31T13:30:00.000,1899-12-31T09:00:00.000,1899-12-31T13:30:00.000,1899-12-31T09:00:00.000,1899-12-31T13:30:00.000,Closed,Closed,Closed,Closed,No,No,No,No,No,No,No,No,No,No,Yes,No,Yes,Yes,,"1310 Coreland Drive
Madison, TN 37115
(36.244961, -86.717089)","(36.244961, -86.717089)"
Metro Social Services,Congregated Meals Site,East Park Community Center,600 Woodland St,Nashville,Tennessee,37206,615-601-7688,Site Coordinator,1899-12-31T09:00:00.000,1899-12-31T13:30:00.000,1899-12-31T09:00:00.000,1899-12-31T13:30:00.000,1899-12-31T09:00:00.000,1899-12-31T13:30:00.000,1899-12-31T09:00:00.000,1899-12-31T13:30:00.000,1899-12-31T09:00:00.000,1899-12-31T13:30:00.000,Closed,Closed,Closed,Closed,No,No,No,No,No,No,No,No,No,No,Yes,No,Yes,Yes,,"600 Woodland St
Nashville, TN 37206
(36.173412, -86.760625)","(36.173412, -86.760625)"
Metro Social Services,Congregated Meals Site,Madison Senior Station,301 Madison Street,Madison,Tennessee,37115,615-601-7907,Site Coordinator,1899-12-31T09:00:00.000,1899-12-31T13:30:00.000,1899-12-31T09:00:00.000,1899-12-31T13:30:00.000,1899-12-31T09:00:00.000,1899-12-31T13:30:00.000,1899-12-31T09:00:00.000,1899-12-31T13:30:00.000,1899-12-31T09:00:00.000,1899-12-31T13:30:00.000,Closed,Closed,Closed,Closed,No,No,No,No,No,No,No,No,No,No,Yes,No,Yes,Yes,,"301 Madison Street
Madison, TN 37115
(36.25896, -86.717294)","(36.25896, -86.717294)"
Metro Social Services,Congregated Meals Site,"Nashville Chiristian Towers, 6th Flr",608 Foothill Court,Nashville,Tennessee,37210,615-601-7869,Site Coordinator,1899-12-31T09:00:00.000,1899-12-31T13:30:00.000,1899-12-31T09:00:00.000,1899-12-31T13:30:00.000,1899-12-31T09:00:00.000,1899-12-31T13:30:00.000,1899-12-31T09:00:00.000,1899-12-31T13:30:00.000,1899-12-31T09:00:00.000,1899-12-31T13:30:00.000,Closed,Closed,Closed,Closed,No,No,No,No,No,No,No,No,No,No,Yes,No,Yes,Yes,,"608 Foothill Court
Nashville, TN 37210
(36.131684, -86.718301)","(36.131684, -86.718301)"
Metro Social Services,Congregated Meals Site,Cohn Community Center,4805 Park Avenue,Nashville,Tennessee,37209,615-601-7737,Site Coordinator,1899-12-31T09:00:00.000,1899-12-31T13:30:00.000,1899-12-31T09:00:00.000,1899-12-31T13:30:00.000,1899-12-31T09:00:00.000,1899-12-31T13:30:00.000,1899-12-31T09:00:00.000,1899-12-31T13:30:00.000,1899-12-31T09:00:00.000,1899-12-31T13:30:00.000,Closed,Closed,Closed,Closed,No,No,No,No,No,No,No,No,No,No,Yes,No,Yes,Yes,,"4805 Park Avenue
Nashville, TN 37209
(36.150961, -86.844705)","(36.150961, -86.844705)"
Metro Social Services,Prepack/HB,Chippington Towers 1,94 Berkley Drive,Madison,Tennessee,37115,615-865-7920,Manager at Tower,1899-12-31T09:00:00.000,1899-12-31T13:30:00.000,1899-12-31T09:00:00.000,1899-12-31T13:30:00.000,1899-12-31T09:00:00.000,1899-12-31T13:30:00.000,1899-12-31T09:00:00.000,1899-12-31T13:30:00.000,1899-12-31T09:00:00.000,1899-12-31T13:30:00.000,Closed,Closed,Closed,Closed,No,No,No,No,No,No,No,No,No,Yes,Yes,Yes,No,No,,"94 Berkley Drive
Madison, TN 37115
(36.246464, -86.719652)","(36.246464, -86.719652)"
Metro Social Services,Congregated Meals Site,Riverwood Towers,621 North Dupont Avenue,Madison,Tennessee,37115,877-245-3295,Manager at Tower,1899-12-31T09:00:00.000,1899-12-31T13:30:00.000,1899-12-31T09:00:00.000,1899-12-31T13:30:00.000,1899-12-31T09:00:00.000,1899-12-31T13:30:00.000,1899-12-31T09:00:00.000,1899-12-31T13:30:00.000,1899-12-31T09:00:00.000,1899-12-31T13:30:00.000,Closed,Closed,Closed,Closed,No,No,No,No,No,No,No,No,No,No,Yes,No,Yes,Yes,,"621 North Dupont Avenue
Madison, TN 37115
(36.267156, -86.696011)","(36.267156, -86.696011)"
Metro Social Services,Congregated Meals Site,Elizabeth Community Center,1701 Arthur Street,Nashville,Tennessee,37208,615-601-7656,Site Coordinator,1899-12-31T09:00:00.000,1899-12-31T13:30:00.000,1899-12-31T09:00:00.000,1899-12-31T13:30:00.000,1899-12-31T09:00:00.000,1899-12-31T13:30:00.000,1899-12-31T09:00:00.000,1899-12-31T13:30:00.000,1899-12-31T09:00:00.000,1899-12-31T13:30:00.000,Closed,Closed,Closed,Closed,No,No,No,No,No,No,No,No,No,No,Yes,No,Yes,Yes,,"1701 Arthur Street
Nashville, TN 37208
(36.178413, -86.802375)","(36.178413, -86.802375)"
Metro Social Services,Congregated Meals Site,Hadley Park Community Center,1037 28th Avenue North,Nashville,Tennessee,37208,615-601-7698,Site Coordinator,1899-12-31T09:00:00.000,1899-12-31T13:30:00.000,1899-12-31T09:00:00.000,1899-12-31T13:30:00.000,1899-12-31T09:00:00.000,1899-12-31T13:30:00.000,1899-12-31T09:00:00.000,1899-12-31T13:30:00.000,1899-12-31T09:00:00.000,1899-12-31T13:30:00.000,Closed,Closed,Closed,Closed,No,No,No,No,No,No,No,No,No,No,Yes,No,Yes,Yes,,"1037 28th Avenue North
Nashville, TN 37208
(36.166565, -86.82044)","(36.166565, -86.82044)"
Metro Social Services,Congregated Meals Site,Cumberland View Tower,1201 Cheyenne Blvd,Madison,Tennessee,37115,615-860-1628,Site Coordinator,1899-12-31T09:00:00.000,1899-12-31T13:30:00.000,1899-12-31T09:00:00.000,1899-12-31T13:30:00.000,1899-12-31T09:00:00.000,1899-12-31T13:30:00.000,1899-12-31T09:00:00.000,1899-12-31T13:30:00.000,1899-12-31T09:00:00.000,1899-12-31T13:30:00.000,Closed,Closed,Closed,Closed,No,No,No,No,No,No,No,No,No,No,Yes,No,Yes,Yes,,"1201 Cheyenne Blvd
Madison, TN 37115
(36.253944, -86.67226)","(36.253944, -86.67226)"
Metro Social Services,Congregated Meals Site,Fifty Forward- Bordeaux,3315 John  Mallette,Nashville,Tennessee,37218,615-248-2272,Site Coordinator,1899-12-31T09:00:00.000,1899-12-31T13:30:00.000,1899-12-31T09:00:00.000,1899-12-31T13:30:00.000,1899-12-31T09:00:00.000,1899-12-31T13:30:00.000,1899-12-31T09:00:00.000,1899-12-31T13:30:00.000,1899-12-31T09:00:00.000,1899-12-31T13:30:00.000,Closed,Closed,Closed,Closed,No,No,No,No,No,No,No,No,No,No,Yes,No,Yes,Yes,,"3315 John
Mallette Nashville, TN 37218
(36.193786, -86.834862)","(36.193786, -86.834862)"
